packet_length,protocol,src_port,dst_port,timestamp,label
212,0,0,0,2026-05-18T13:42:35.713067,0
167,0,0,0,2026-05-18T13:42:35.828936,0
83,0,0,0,2026-05-18T13:42:36.122483,0
83,0,0,0,2026-05-18T13:42:36.123017,0
83,0,0,0,2026-05-18T13:42:36.123441,0
232,0,0,0,2026-05-18T13:42:36.169488,0
158,0,0,0,2026-05-18T13:42:36.170379,0
170,0,0,0,2026-05-18T13:42:36.171453,0
66,1,443,64474,2026-05-18T13:42:36.583421,0
82,0,0,0,2026-05-18T13:42:36.677345,0
82,0,0,0,2026-05-18T13:42:36.677834,0
212,0,0,0,2026-05-18T13:42:36.717840,0
82,0,0,0,2026-05-18T13:42:36.771641,0
82,0,0,0,2026-05-18T13:42:36.772468,0
94,0,0,0,2026-05-18T13:42:36.822898,0
94,0,0,0,2026-05-18T13:42:36.823426,0
158,0,0,0,2026-05-18T13:42:37.139924,0
178,0,0,0,2026-05-18T13:42:37.140986,0
66,1,5228,65109,2026-05-18T13:42:37.141377,0
66,1,58721,443,2026-05-18T13:42:37.141755,0
74,0,0,0,2026-05-18T13:42:37.426801,0
74,0,0,0,2026-05-18T13:42:37.427266,0
74,0,0,0,2026-05-18T13:42:37.427679,0
90,0,0,0,2026-05-18T13:42:37.535818,0
90,0,0,0,2026-05-18T13:42:37.536847,0
90,0,0,0,2026-05-18T13:42:37.537360,0
66,1,443,58721,2026-05-18T13:42:37.649165,0
54,1,58721,443,2026-05-18T13:42:37.649525,0
271,1,58721,443,2026-05-18T13:42:37.652259,0
87,0,0,0,2026-05-18T13:42:37.655302,0
82,0,0,0,2026-05-18T13:42:37.683272,0
82,0,0,0,2026-05-18T13:42:37.684113,0
124,0,0,0,2026-05-18T13:42:37.703805,0
124,0,0,0,2026-05-18T13:42:37.704290,0
124,0,0,0,2026-05-18T13:42:37.704731,0
82,0,0,0,2026-05-18T13:42:37.774556,0
82,0,0,0,2026-05-18T13:42:37.775433,0
167,0,0,0,2026-05-18T13:42:37.838495,0
202,0,0,0,2026-05-18T13:42:38.093313,0
106,0,0,0,2026-05-18T13:42:38.094069,0
115,0,0,0,2026-05-18T13:42:38.094979,0
298,0,0,0,2026-05-18T13:42:38.255896,0
118,0,0,0,2026-05-18T13:42:38.257150,0
140,0,0,0,2026-05-18T13:42:38.258567,0
152,0,0,0,2026-05-18T13:42:38.259960,0
149,0,0,0,2026-05-18T13:42:38.261230,0
54,1,443,58721,2026-05-18T13:42:38.261710,0
2654,1,443,58721,2026-05-18T13:42:38.262480,0
54,1,58721,443,2026-05-18T13:42:38.262950,0
1354,1,443,58721,2026-05-18T13:42:38.263652,0
939,1,443,58721,2026-05-18T13:42:38.264355,0
54,1,58721,443,2026-05-18T13:42:38.264789,0
147,1,58721,443,2026-05-18T13:42:38.265507,0
66,1,62107,443,2026-05-18T13:42:38.612906,0
89,0,0,0,2026-05-18T13:42:38.644618,0
89,0,0,0,2026-05-18T13:42:38.645614,0
89,0,0,0,2026-05-18T13:42:38.646444,0
66,1,52385,443,2026-05-18T13:42:38.863915,0
66,1,443,62107,2026-05-18T13:42:38.864773,0
66,1,56705,443,2026-05-18T13:42:38.865488,0
66,1,54843,443,2026-05-18T13:42:38.926336,0
66,1,50316,443,2026-05-18T13:42:39.133697,0
66,1,443,56705,2026-05-18T13:42:39.178007,0
66,1,443,52385,2026-05-18T13:42:39.178477,0
54,1,56705,443,2026-05-18T13:42:39.178834,0
54,1,56705,443,2026-05-18T13:42:39.179125,0
114,0,0,0,2026-05-18T13:42:39.180490,0
117,0,0,0,2026-05-18T13:42:39.181758,0
105,0,0,0,2026-05-18T13:42:39.182600,0
54,1,443,58721,2026-05-18T13:42:39.182935,0
66,1,443,62107,2026-05-18T13:42:39.185904,0
258,1,443,58721,2026-05-18T13:42:39.187704,0
123,1,443,58721,2026-05-18T13:42:39.188111,0
54,1,58721,443,2026-05-18T13:42:39.188489,0
141,1,58721,443,2026-05-18T13:42:39.195805,0
92,1,58721,443,2026-05-18T13:42:39.196223,0
1110,1,58721,443,2026-05-18T13:42:39.196880,0
202,1,58721,443,2026-05-18T13:42:39.197285,0
87,0,0,0,2026-05-18T13:42:39.240556,0
87,0,0,0,2026-05-18T13:42:39.241489,0
87,0,0,0,2026-05-18T13:42:39.242331,0
74,0,0,0,2026-05-18T13:42:39.250470,0
74,0,0,0,2026-05-18T13:42:39.251121,0
74,0,0,0,2026-05-18T13:42:39.251561,0
66,1,443,50316,2026-05-18T13:42:39.266155,0
66,1,443,54843,2026-05-18T13:42:39.266800,0
133,0,0,0,2026-05-18T13:42:39.268182,0
66,1,63015,443,2026-05-18T13:42:39.526416,0
87,0,0,0,2026-05-18T13:42:39.666661,0
87,0,0,0,2026-05-18T13:42:39.690514,0
87,0,0,0,2026-05-18T13:42:39.693094,0
87,0,0,0,2026-05-18T13:42:39.695014,0
74,0,0,0,2026-05-18T13:42:39.696555,0
74,0,0,0,2026-05-18T13:42:39.697383,0
74,0,0,0,2026-05-18T13:42:39.698144,0
250,0,0,0,2026-05-18T13:42:39.701050,0
280,0,0,0,2026-05-18T13:42:39.705454,0
292,0,0,0,2026-05-18T13:42:39.709428,0
178,0,0,0,2026-05-18T13:42:39.711248,0
217,0,0,0,2026-05-18T13:42:39.714483,0
